english,hits,source_tags,label_from,top_sources
happy,29208,40,top_en,happy(14257) | 😊(3183) | 开心(1679) | 高兴(1214) | delighted(1158) | happy:7(719) | 😃(693) | 😁(592)
calm,21534,33,top_en,calm(10114) | 平静(4483) | 平静的(1303) | relaxed(665) | 平淡(576) | 冷静(551) | 😌(472) | 语速：平静，语调：平缓(352)
angry,17152,38,top_en,angry(5674) | 愤怒(1970) | 😡(1911) | 生气(1432) | anger(1033) | anger:7(624) | 🤬(384) | 😠(345)
pause,17114,46,top_en,pause(8019) | 停顿(1044) | short pause(943) | long pause(928) | pause: 1s(702) | pausa(600) | pause 0.5s(525) | pause 1s(477)
excited,14460,21,top_en,excited(8554) | 激动(1823) | 兴奋(1394) | exited(312) | emocionado(295) | 🔥(294) | excitada(260) | 兴奋的(183)
sad,13277,40,top_en,sad(5024) | 😔(1213) | sadness(615) | sadness:7(589) | 悲伤(561) | sadness:4;fear:3(476) | sadness:5(303) | 委屈(302)
moaning,8964,18,top_en,moaning(4601) | moan(1138) | moans(604) | 娇喘(546) | orgasm(479) | 呻吟(318) | moaning loudly(296) | erotic moans(159)
horny,7100,19,top_en,horny(1624) | sexy(1412) | 🥵(1144) | aroused(474) | erotic(330) | pleasure(325) | 🤤(316) | 🍆(289)
fear,6118,28,top_en,fear(861) | scared(763) | 😨(510) | fear:7(467) | fearful(385) | 😱(317) | 害怕(297) | 恐惧(207)
serious,5997,18,top_en,serious(2613) | 严肃(769) | 严肃，旁白(372) | 低沉(316) | 认真(252) | 沉稳(251) | 严肃的(224) | 严肃、旁白(211)
laugh,5618,12,top_en,laugh(1470) | laughing(1333) | 😂(968) | laughs(538) | 😆(311) | laughter(309) | 🤣(290) | risa(116)
confused,5274,14,top_en,疑惑(1438) | 疑问(1051) | confused(917) | question(493) | 疑惑的(339) | doubt(166) | questioning(160) | 😕(147)
surprised,4961,17,top_en,surprised(913) | 惊讶(872) | shocked(852) | 震惊(563) | surprise(507) | 惊喜(215) | shock(170) | 惊讶的(151)
crying,4453,11,top_en,crying(1363) | 😭(1281) | cry(472) | 😢(406) | 哭泣(229) | sobbing(227) | 哭腔(149) | 哽咽(135)
whisper,4172,12,top_en,whisper(1962) | whispering(1067) | whispers(277) | 轻声(147) | 🤫(145) | 小声(133) | 低声(116) | whispered(83)
shouting,3969,15,top_en,shouting(1324) | shout(718) | yelling(382) | 大喊(374) | gritando(169) | 怒吼(140) | gritos(117) | 大声(115)
gentle,3701,6,top_en,温柔(1887) | gentle(791) | 温柔的(739) | 温和(126) | 😇(98) | gently(60)
neutral,2971,11,top_en,neutral(1581) | 😐(509) | 语速适中、语调稳定、情绪中性(236) | 无感情(122) | 正常(92) | monotone(91) | deadpan(89) | flat(78)
breathy,2916,20,top_en,breathy(622) | breath(368) | 喘息(274) | breathing(185) | 呼吸(168) | exhales(162) | heavy breathing(150) | breathless(142)
thoughtful,2788,7,top_en,🧐(1014) | 🤔(863) | thoughtful(282) | thinking(244) | reflective(154) | 思考(140) | reflexivo(91)
screaming,2671,3,top_en,screaming(1927) | scream(636) | 尖叫(108)
sigh,2607,6,top_en,sigh(1084) | sighs(656) | 😮‍💨(438) | sighing(240) | 叹气(120) | suspiro(69)
love,2491,14,top_en,🥰(554) | 😍(321) | love(230) | 😘(223) | loving(193) | 深情(187) | ❤️(149) | in love(138)
pain,2469,9,top_en,pain(1522) | paining(346) | 痛苦(197) | painful(83) | 🤕(80) | 疼痛(71) | 😣(59) | 痛苦的(58)
sensual,2420,2,top_en,sensual(2366) | sensuality(54)
tired,2408,10,top_en,tired(1313) | exhausted(249) | 🥱(172) | 疲惫(164) | 🫩(103) | 慵懒(101) | lazy(99) | cansada(87)
seductive,2190,9,top_en,seductive(1267) | sultry(249) | 誘惑(166) | seductively(120) | seducing(98) | seductora(85) | 诱惑(79) | seduction(69)
frustrated,2175,7,top_en,无奈(559) | frustrated(507) | 😫(355) | 😩(339) | 无奈的(221) | 😖(106) | exasperated(88)
energetic,2046,8,top_en,energetic(1103) | enthusiastic(265) | 激昂(262) | upbeat(102) | 热情(99) | 高昂(90) | animado(63) | 活泼(62)
flirty,2028,9,top_en,flirty(629) | 撒娇(574) | 😉(262) | 撒娇的(161) | flirtatious(137) | coqueta(90) | flirting(65) | flirt(59)
anxious,1935,11,top_en,着急(540) | anxious(322) | 焦急(277) | 慌张(166) | tense(129) | 着急的(117) | 焦急的(104) | stressed(91)
annoyed,1838,8,top_en,annoyed(712) | 😒(416) | 😑(183) | 🙄(136) | 无语(132) | 不耐烦(120) | impatient(87) | 烦躁(52)
confident,1791,7,top_en,confident(1099) | 自信(242) | 😎(180) | bold(84) | cocky(68) | confidence(66) | 霸气(52)
playful,1761,10,top_en,😈(581) | playful(486) | naughty(152) | 😋(126) | 😜(110) | joking(72) | 🤪(64) | 调皮(61)
curious,1661,5,top_en,curious(1313) | 好奇(167) | 好奇的(65) | wondering(60) | curioso(56)
worried,1605,8,top_en,worried(482) | concerned(383) | 担心(219) | 担忧(163) | worry(139) | 😟(83) | 😓(81) | concern(55)
soft,1459,2,top_en,soft(1123) | softly(336)
shy,1445,4,top_en,shy(770) | 害羞(521) | 害羞的(96) | 娇羞(58)
proud,1425,5,top_en,proud(1014) | 得意(197) | 骄傲(91) | 自豪(62) | 得意的(61)
nervous,1356,4,top_en,nervous(599) | 紧张(576) | 紧张的(97) | 语速稍快、语调升高、情绪紧张(84)
dramatic,1315,2,top_en,dramatic(1243) | 夸张的(72)
smug,1227,6,top_en,😏(645) | smug(199) | arrogant(118) | 嚣张(96) | 傲慢(94) | condescending(75)
cold,1226,7,top_en,cold(300) | 冷漠(295) | 清冷(266) | 冷酷(120) | 清冷淡漠(101) | 冷淡(81) | 冷漠的(63)
sarcastic,1206,6,top_en,sarcastic(543) | 嘲讽(280) | 吐槽(138) | sarcasm(117) | 自嘲(70) | sarcastically(58)
determined,1021,4,top_en,坚定(467) | firm(247) | determined(173) | 坚定的(134)
urgent,987,6,top_en,急切(346) | urgent(173) | demanding(167) | 急促(156) | 急切的(83) | eager(62)
funny,948,5,top_en,😅(224) | funny(224) | amused(219) | 🤭(146) | amusement(135)
warm,936,5,top_en,warm(630) | cálido(107) | warmly(76) | 温暖(64) | 温馨(59)
sleepy,925,3,top_en,sleepy(423) | 😴(421) | 😪(81)
mocking,873,5,top_en,不屑(219) | 嘲笑(181) | mocking(178) | 轻蔑(177) | mockingly(118)
begging,818,4,top_en,🥺(467) | begging(144) | pleading(114) | beg(93)
giggle,805,3,top_en,giggle(340) | giggles(332) | giggling(133)
chuckles,739,4,top_en,chuckles(352) | chuckle(213) | 轻笑(100) | chuckling(74)
embarrassed,733,4,top_en,embarrassed(224) | 😳(220) | 尴尬(164) | 尴尬的(125)
authoritative,725,6,top_en,authoritative(300) | dominant(142) | commanding(106) | 威严(72) | 命令(53) | bossy(52)
panting,639,2,top_en,panting(523) | pant(116)
teasing,635,4,top_en,teasing(337) | 调侃(117) | 戏谑(114) | tease(67)
hope,633,3,top_en,hope(310) | hopeful(178) | 期待(145)
weak,627,4,top_en,虚弱(272) | 虚弱的(151) | weak(129) | 无力(75)
gasp,595,2,top_en,gasp(470) | gasping(125)
disappointed,566,4,top_en,disappointed(276) | 沮丧(119) | 失望(111) | 遗憾(60)
desperate,509,4,top_en,desperate(226) | 绝望(103) | 绝望的(95) | 崩溃(85)
moved,505,3,invented,🥹(206) | 感慨(167) | 感动(132)
mysterious,490,3,top_en,mysterious(371) | 神秘(64) | misterioso(55)
quiet,480,2,top_en,quiet(360) | quietly(120)
romantic,422,2,top_en,romantic(339) | intimate(83)
groan,412,2,top_en,groan(297) | groaning(115)
passionate,407,4,top_en,passionate(167) | 激情(102) | 激情的(75) | passion(63)
caring,398,3,top_en,caring(189) | 关心(120) | 关心的(89)
intense,388,2,top_en,intense(296) | intenso(92)
grateful,357,4,top_en,感激(139) | grateful(78) | 感谢(76) | thankful(64)
empathetic,356,1,top_en,empathetic(356)
hesitant,340,4,top_en,犹豫(119) | hesitant(104) | 犹豫的(60) | hesitate(57)
disgusted,335,3,top_en,disgusted(149) | 嫌弃(118) | disgust(68)
cough,333,1,top_en,cough(333)
encouraging,322,4,top_en,motivational(90) | inspiring(89) | encouraging(85) | 鼓励(58)
threatening,314,4,top_en,威胁(103) | threatening(81) | 警告(76) | menacing(54)
skeptical,310,2,top_en,🤨(234) | skeptical(76)
relieved,293,2,top_en,relieved(200) | 欣慰(93)
sincere,264,3,top_en,sincere(139) | 真诚(73) | heartfelt(52)
crazy,254,3,top_en,疯狂(150) | crazy(53) | 癫狂(51)
whimpering,249,2,top_en,whimpering(143) | whimper(106)
clear_throat,231,2,top_en,clears throat(127) | clear throat(104)
bored,227,1,top_en,bored(227)
evil,216,1,top_en,evil(216)
reassuring,215,2,top_en,reassuring(116) | 安慰(99)
nostalgic,210,3,top_en,nostalgic(86) | reminiscing(73) | 回忆(51)
guilty,205,3,top_en,愧疚(94) | 心虚(56) | guilty(55)
drunk,196,2,top_en,🥴(120) | drunk(76)
cute,178,1,top_en,cute(178)
sweet,169,1,top_en,sweet(169)
satisfied,142,1,top_en,satisfied(142)
polite,132,1,top_en,polite(132)
envious,125,1,top_en,envious(125)
obsessed,114,1,top_en,obsessed(114)
tender,93,1,top_en,tender(93)
grunt,77,1,top_en,grunt(77)
sick,76,1,top_en,sick(76)
yawn,70,1,top_en,yawn(70)
stutter,68,1,top_en,stutter(68)
tsundere,64,1,invented,傲娇(64)
sniffles,63,1,top_en,sniffles(63)
growl,60,1,top_en,growl(60)
sassy,53,1,top_en,sassy(53)
apologetic,51,1,top_en,apologetic(51)
inhale,0,0,invented,吸气 (manually added common breath event)
exhale,0,0,invented,呼气 (manually added common breath event)
